{
    "sbert": {
        "ce_True": {
            "en": {
                "mrr": 0.9090909090909091,
                "hit_rate": 1.0,
                "accuracy": 0.9090909090909091,
                "accurate_hit_rate": 1.1
            },
            "de": {
                "mrr": 0.8181818181818182,
                "hit_rate": 0.7272727272727273,
                "accuracy": 0.8181818181818182,
                "accurate_hit_rate": 0.8888888888888888
            },
            "es": {
                "mrr": 0.7272727272727273,
                "hit_rate": 0.45454545454545453,
                "accuracy": 0.7272727272727273,
                "accurate_hit_rate": 0.625
            }
        },
        "ce_False": {
            "en": {
                "mrr": 0.9090909090909091,
                "hit_rate": 1.0,
                "accuracy": 0.9090909090909091,
                "accurate_hit_rate": 1.1
            },
            "de": {
                "mrr": 0.7575757575757575,
                "hit_rate": 0.9090909090909091,
                "accuracy": 0.7272727272727273,
                "accurate_hit_rate": 1.25
            },
            "es": {
                "mrr": 0.6363636363636364,
                "hit_rate": 0.5454545454545454,
                "accuracy": 0.6363636363636364,
                "accurate_hit_rate": 0.8571428571428571
            }
        }
    },
    "mbert": {
        "ce_True": {
            "en": {
                "mrr": 0.7727272727272727,
                "hit_rate": 0.9090909090909091,
                "accuracy": 0.7272727272727273,
                "accurate_hit_rate": 1.25
            },
            "de": {
                "mrr": 0.5909090909090909,
                "hit_rate": 0.45454545454545453,
                "accuracy": 0.5454545454545454,
                "accurate_hit_rate": 0.8333333333333334
            },
            "es": {
                "mrr": 0.4090909090909091,
                "hit_rate": 0.2727272727272727,
                "accuracy": 0.36363636363636365,
                "accurate_hit_rate": 0.7499999999999999
            }
        },
        "ce_False": {
            "en": {
                "mrr": 0.4848484848484849,
                "hit_rate": 0.6363636363636364,
                "accuracy": 0.36363636363636365,
                "accurate_hit_rate": 1.75
            },
            "de": {
                "mrr": 0.18181818181818182,
                "hit_rate": 0.45454545454545453,
                "accuracy": 0.18181818181818182,
                "accurate_hit_rate": 2.5
            },
            "es": {
                "mrr": 0.25,
                "hit_rate": 0.2727272727272727,
                "accuracy": 0.18181818181818182,
                "accurate_hit_rate": 1.4999999999999998
            }
        }
    },
    "tf-idf": {
        "ce_True": {
            "en": {
                "mrr": 0.8636363636363636,
                "hit_rate": 0.9090909090909091,
                "accuracy": 0.8181818181818182,
                "accurate_hit_rate": 1.111111111111111
            },
            "de": {
                "mrr": 0.7454545454545454,
                "hit_rate": 0.45454545454545453,
                "accuracy": 0.7272727272727273,
                "accurate_hit_rate": 0.625
            },
            "es": {
                "mrr": 0.45454545454545453,
                "hit_rate": 0.2727272727272727,
                "accuracy": 0.45454545454545453,
                "accurate_hit_rate": 0.6
            }
        },
        "ce_False": {
            "en": {
                "mrr": 0.7575757575757575,
                "hit_rate": 0.6363636363636364,
                "accuracy": 0.7272727272727273,
                "accurate_hit_rate": 0.875
            },
            "de": {
                "mrr": 0.5454545454545454,
                "hit_rate": 0.45454545454545453,
                "accuracy": 0.5454545454545454,
                "accurate_hit_rate": 0.8333333333333334
            },
            "es": {
                "mrr": 0.3181818181818182,
                "hit_rate": 0.09090909090909091,
                "accuracy": 0.2727272727272727,
                "accurate_hit_rate": 0.33333333333333337
            }
        }
    }
}